"Age","Sex","Tangle.Stage","Plaque.Stage","Diagnosis"
"Factor1",0,0,0,2.00269924790952,2.60055705535929
"Factor2",57.5403474485021,2.40978168254922,10.2598750000079,4.09927730018347,5.35127376379293
"Factor3",33.2927546691381,109.698197155434,78.2509345214525,45.6162280061547,95.8243217430893
"Factor4",4.99335440882105,7.91418444437821,5.70686483065515,3.68497129873262,8.71170142522654
