"rna","atac"
0.0753839031640613,3.71850931509722
1.88288575759191,0.00254617739325891
0.0771331547560594,0.2389938443494
0.297185792266619,0.00546525519535823
