feature,weights,abs_weights,sig
SYNPR,-0.7048051301612285,0.7048051301612285,-
FSTL5,-0.6277642872702679,0.6277642872702679,-
