feature,weights,abs_weights,sig
SYTL3,0.8065365605143926,0.8065365605143926,+
NHSL1,0.7821452373359551,0.7821452373359551,+
NEK6,0.7440883959867386,0.7440883959867386,+
