feature,weights,abs_weights,sig
CX3CR1,0.8216418527418453,0.8216418527418453,+
SIGLEC10,0.8170358699600597,0.8170358699600597,+
