feature,weights,abs_weights,sig
LURAP1L-AS1,-0.33545653813921167,0.33545653813921167,-
AL138881.1,-0.32661006871822257,0.32661006871822257,-
