feature,weights,abs_weights,sig
NINJ2,-0.31050902305248007,0.31050902305248007,-
SLC4A8,-0.3085301973729331,0.3085301973729331,-
GREB1L,-0.30239251674405476,0.30239251674405476,-
